wanikani	word	reading	sense 1	sense 2	sense 3	url
1	上がる	あがる	to rise, to go up, to come up, to ascend, to be raised	to enter (esp. from outdoors), to come in, to go in	to enter (a school), to advance to the next grade	http://jisho.org/word/%E4%B8%8A%E3%81%8C%E3%82%8B
1	下がる	さがる	to come down, to go down, to fall, to drop, to sink, to get lower	to hang, to dangle	to move back, to step back, to withdraw, to retire	http://jisho.org/word/%E4%B8%8B%E3%81%8C%E3%82%8B
1	下げる	さげる	to hang, to suspend, to wear (e.g. decoration)	to lower, to reduce, to bring down	to demote, to move back, to pull back	http://jisho.org/word/%E4%B8%8B%E3%81%92%E3%82%8B
1	人口	じんこう	population	common talk	Population	http://jisho.org/word/%E4%BA%BA%E5%8F%A3
1	力	ちから	force, strength, might, vigour (vigor), energy	capability, ability, proficiency, capacity, faculty	efficacy, effect	http://jisho.org/word/%E5%8A%9B
2	石	いし	stone	gem, jewel		http://jisho.org/word/%E7%9F%B3
2	子	こ	child	young (animal)	young woman, young geisha	http://jisho.org/word/%E5%AD%90
2	正しい	ただしい	right, correct	proper, righteous, just, honest, truthful, lawful		http://jisho.org/word/%E6%AD%A3%E3%81%97%E3%81%84
2	立てる	たてる	to stand up, to put up, to set up, to erect, to raise	to thrust into, to bury into, to dig into	to make (a noise), to start (a rumour), to raise (a cloud of dust, etc.), to cause	http://jisho.org/word/%E7%AB%8B%E3%81%A6%E3%82%8B
2	火	ひ	fire, flame, blaze	Fire		http://jisho.org/word/%E7%81%AB
2	日	ひ	day, days	sun, sunshine, sunlight	case (esp. unfortunate), event	http://jisho.org/word/%E6%97%A5
3	生きる	いきる	to live, to exist	to make a living, to subsist	to be in effect, to be in use, to function	http://jisho.org/word/%E7%94%9F%E3%81%8D%E3%82%8B
3	内	うち	inside, within	while	among, amongst, between	http://jisho.org/word/%E5%86%85
3	毛	け	hair	fur, wool	down, plumage, feathers	http://jisho.org/word/%E6%AF%9B
3	心	こころ	mind, heart, spirit	the meaning of a phrase (riddle, etc.)	Mind	http://jisho.org/word/%E5%BF%83
3	市	し	city			http://jisho.org/word/%E5%B8%82
3	久しぶり	ひさしぶり	a long time (since the last time), it's been a while (since I last saw, mailed, etc., you)			http://jisho.org/word/%E4%B9%85%E3%81%97%E3%81%B6%E3%82%8A
3	太る	ふとる	to grow fat (stout, plump), to become fat, to gain weight			http://jisho.org/word/%E5%A4%AA%E3%82%8B
3	用	よう	task, business	use, duty, service	call of nature, excretion	http://jisho.org/word/%E7%94%A8
4	赤ちゃん	あかちゃん	baby, infant	Infant		http://jisho.org/word/%E8%B5%A4%E3%81%A1%E3%82%83%E3%82%93
4	糸	いと	thread, yarn, string	Yarn		http://jisho.org/word/%E7%B3%B8
4	打つ	うつ	to hit, to strike, to knock, to beat, to punch, to slap, to tap, to bang, to clap, to pound	to strike (noon, etc.), to sound (cymbals, etc.), to beat (a drum, etc.)	to beat (rhythmically, e.g. pulse, waves, etc.)	http://jisho.org/word/%E6%89%93%E3%81%A4
4	写す	うつす	to transcribe, to duplicate, to reproduce, to imitate, to trace	to describe	to film, to picture, to photograph	http://jisho.org/word/%E5%86%99%E3%81%99
4	お礼	おれい	thanks, gratitude	manners, etiquette	bow	http://jisho.org/word/%E3%81%8A%E7%A4%BC
4	気	き	spirit, mind, heart	nature, disposition	motivation, intention	http://jisho.org/word/%E6%B0%97
4	気分	きぶん	feeling, mood	Mood (psychology)		http://jisho.org/word/%E6%B0%97%E5%88%86
4	字	じ	character (i.e. kanji)	hand-writing, penmanship	the ... word (i.e. "the L word" = "love")	http://jisho.org/word/%E5%AD%97
4	仕方	しかた	way, method, means, resource, course			http://jisho.org/word/%E4%BB%95%E6%96%B9
4	足りる	たりる	to be sufficient, to be enough	to be worth doing, to be worthy	to be sufficient, to answer, to do	http://jisho.org/word/%E8%B6%B3%E3%82%8A%E3%82%8B
4	花見	はなみ	cherry blossom viewing, flower viewing	Hanami		http://jisho.org/word/%E8%8A%B1%E8%A6%8B
4	見える	みえる	to be seen, to be in sight	to look, to seem, to appear	to come	http://jisho.org/word/%E8%A6%8B%E3%81%88%E3%82%8B
4	虫	むし	insect, bug, cricket, moth, worm			http://jisho.org/word/%E8%99%AB
4	申す	もうす	to say, to be called	to do		http://jisho.org/word/%E7%94%B3%E3%81%99
5	行う	おこなう	to perform, to do, to conduct oneself, to carry out			http://jisho.org/word/%E8%A1%8C%E3%81%86
5	音	おと	sound, noise, report	note	fame	http://jisho.org/word/%E9%9F%B3
5	考える	かんがえる	to think about, to take into consideration	to ponder, to reflect, to try to come at a conclusion, to think over (something)	to intend, to decide (to do), to plan	http://jisho.org/word/%E8%80%83%E3%81%88%E3%82%8B
5	空気	くうき	air, atmosphere	mood, situation	someone with no presence, someone who doesn't stand out at all	http://jisho.org/word/%E7%A9%BA%E6%B0%97
5	草	くさ	grass, weed, herb, thatch	ninja	not genuine, substandard	http://jisho.org/word/%E8%8D%89
5	大体	だいたい	outline, main point, gist	general, substantially, approximately, about	in the first place, to begin with, from the start	http://jisho.org/word/%E5%A4%A7%E4%BD%93
5	入学	にゅうがく	entry to school or university, matriculation, enrolment (in university, etc.)	Matriculation		http://jisho.org/word/%E5%85%A5%E5%AD%A6
5	林	はやし	woods, forest, copse, thicket	bunch, line (of something), collection	Hayashi	http://jisho.org/word/%E6%9E%97
5	光	ひかり	light	Light		http://jisho.org/word/%E5%85%89
5	文学	ぶんがく	literature	Literature		http://jisho.org/word/%E6%96%87%E5%AD%A6
5	回る	まわる	to turn, to revolve	to visit several places	to function well	http://jisho.org/word/%E5%9B%9E%E3%82%8B
6	安心	あんしん	relief, peace of mind			http://jisho.org/word/%E5%AE%89%E5%BF%83
6	安全	あんぜん	safety	security		http://jisho.org/word/%E5%AE%89%E5%85%A8
6	思う	おもう	to think, to consider, to believe	to think (of doing), to plan (to do)	to judge, to assess, to regard	http://jisho.org/word/%E6%80%9D%E3%81%86
6	代わり	かわり	substitute, replacement, substituting, replacing	stand-in, proxy, alternate, deputy, relief, successor	compensation, exchange, return	http://jisho.org/word/%E4%BB%A3%E3%82%8F%E3%82%8A
6	首	くび	neck	head	dismissal, discharge, firing (from a job)	http://jisho.org/word/%E9%A6%96
6	今夜	こんや	this evening, tonight			http://jisho.org/word/%E4%BB%8A%E5%A4%9C
6	社長	しゃちょう	company president, manager, director			http://jisho.org/word/%E7%A4%BE%E9%95%B7
6	生活	せいかつ	living, life (one's daily existence), livelihood	Seikatsu		http://jisho.org/word/%E7%94%9F%E6%B4%BB
6	足す	たす	to add (numbers)	to add (something), to top up (with something)	to take care of (e.g. one's business)	http://jisho.org/word/%E8%B6%B3%E3%81%99
6	血	ち	blood, consanguinity			http://jisho.org/word/%E8%A1%80
6	点	てん	spot, mark	point, dot	mark (e.g. in exam), score, points	http://jisho.org/word/%E7%82%B9
6	治す	なおす	to cure, to heal	to fix, to correct, to repair	to do over again (after -masu base of verb)	http://jisho.org/word/%E6%B2%BB%E3%81%99
6	治る	なおる	to be cured, to get well, to be healed	to get mended, to be repaired, to be fixed		http://jisho.org/word/%E6%B2%BB%E3%82%8B
6	亡くなる	なくなる	to die			http://jisho.org/word/%E4%BA%A1%E3%81%8F%E3%81%AA%E3%82%8B
6	文化	ぶんか	culture, civilization, civilisation	Bunka era (1804.2.11-1818.4.22)	Bunka	http://jisho.org/word/%E6%96%87%E5%8C%96
6	星	ほし	star, any light-emitting (or reflecting) heavenly body (except for the sun and the moon)	offender, perpetrator	star point (in go), hoshi, intersection marked with a dot	http://jisho.org/word/%E6%98%9F
6	両方	りょうほう	both, both sides, both parties			http://jisho.org/word/%E4%B8%A1%E6%96%B9
7	以下	いか	not exceeding, and downward, ... and below	below (e.g. standard), under (e.g. a level)	the below-mentioned, the following, the rest	http://jisho.org/word/%E4%BB%A5%E4%B8%8B
7	以外	いがい	with the exception of, excepting			http://jisho.org/word/%E4%BB%A5%E5%A4%96
7	以上	いじょう	not less than, ... and more, ... and upwards	beyond ... (e.g. one's means), further (e.g. nothing further to say), more than ... (e.g. cannot pay more than that)	above-mentioned, foregoing	http://jisho.org/word/%E4%BB%A5%E4%B8%8A
7	形	かたち	form, shape, figure	visage		http://jisho.org/word/%E5%BD%A2
7	必ず	かならず	always, without exception, necessarily, certainly, without fail, positively, invariably			http://jisho.org/word/%E5%BF%85%E3%81%9A
7	高校	こうこう	senior high school, high school	Koukou		http://jisho.org/word/%E9%AB%98%E6%A0%A1
7	交通	こうつう	traffic, transportation, communication, exchange (of ideas, etc.), intercourse	Transport		http://jisho.org/word/%E4%BA%A4%E9%80%9A
7	時代	じだい	period, epoch, era, age	the times, those days	oldness, ancientness, antiquity	http://jisho.org/word/%E6%99%82%E4%BB%A3
7	社会	しゃかい	society, public, community, the world	social studies	Society	http://jisho.org/word/%E7%A4%BE%E4%BC%9A
7	自由	じゆう	freedom, liberty, as it pleases you	Liberty		http://jisho.org/word/%E8%87%AA%E7%94%B1
7	大学生	だいがくせい	university student, college student			http://jisho.org/word/%E5%A4%A7%E5%AD%A6%E7%94%9F
7	台風	たいふう	typhoon, hurricane	Typhoon		http://jisho.org/word/%E5%8F%B0%E9%A2%A8
7	地理	ちり	geography			http://jisho.org/word/%E5%9C%B0%E7%90%86
7	通る	とおる	to go by, to go past, to go along, to travel along, to pass through, to use (a road), to take (a route), to go via, to go by way of	to run (between), to operate (between), to connect	to go indoors, to go into a room, to be admitted, to be shown in, to be ushered in, to come in	http://jisho.org/word/%E9%80%9A%E3%82%8B
7	日記	にっき	diary, journal	Diary		http://jisho.org/word/%E6%97%A5%E8%A8%98
7	人形	にんぎょう	doll, puppet, figure	Ningyou	Doll	http://jisho.org/word/%E4%BA%BA%E5%BD%A2
7	船	ふね	ship, boat, watercraft, vessel, steamship	tank, tub, vat, trough	counter for boat-shaped containers (e.g. of sashimi)	http://jisho.org/word/%E8%88%B9
7	理由	りゆう	reason, pretext, motive			http://jisho.org/word/%E7%90%86%E7%94%B1
8	合う	あう	to come together, to merge, to unite, to meet	to fit, to match, to suit, to agree with, to be correct	to be profitable, to be equitable	http://jisho.org/word/%E5%90%88%E3%81%86
8	医学	いがく	medical science, medicine	Medicine		http://jisho.org/word/%E5%8C%BB%E5%AD%A6
8	思い出す	おもいだす	to recall, to remember, to recollect			http://jisho.org/word/%E6%80%9D%E3%81%84%E5%87%BA%E3%81%99
8	会話	かいわ	conversation	Conversation		http://jisho.org/word/%E4%BC%9A%E8%A9%B1
8	決める	きめる	to decide, to choose, to determine, to make up one's mind, to resolve, to set one's heart on, to settle, to arrange, to set, to appoint, to fix	to clinch (a victory), to decide (the outcome of a match)	to persist in doing, to go through with	http://jisho.org/word/%E6%B1%BA%E3%82%81%E3%82%8B
8	雲	くも	cloud	Cloud		http://jisho.org/word/%E9%9B%B2
8	君	くん	Mr (junior), master, boy			http://jisho.org/word/%E5%90%9B
8	研究	けんきゅう	study, research, investigation	Research		http://jisho.org/word/%E7%A0%94%E7%A9%B6
8	研究室	けんきゅうしつ	laboratory	seminar room	professor's office	http://jisho.org/word/%E7%A0%94%E7%A9%B6%E5%AE%A4
8	工場	こうじょう	factory, plant, mill, workshop	Factory		http://jisho.org/word/%E5%B7%A5%E5%A0%B4
8	答え	こたえ	answer, reply, response, solution			http://jisho.org/word/%E7%AD%94%E3%81%88
8	住所	じゅうしょ	address (e.g. of house), residence, domicile	Address (geography)		http://jisho.org/word/%E4%BD%8F%E6%89%80
8	水道	すいどう	water service, water supply	Suidou	Water supply	http://jisho.org/word/%E6%B0%B4%E9%81%93
8	数学	すうがく	mathematics, arithmetic	Mathematics		http://jisho.org/word/%E6%95%B0%E5%AD%A6
8	投げる	なげる	to throw, to cast away	to face defeat, to give up		http://jisho.org/word/%E6%8A%95%E3%81%92%E3%82%8B
8	場合	ばあい	case, situation			http://jisho.org/word/%E5%A0%B4%E5%90%88
8	場所	ばしょ	place, location, spot, position	room, space	basho, wrestling tournament	http://jisho.org/word/%E5%A0%B4%E6%89%80
8	番組	ばんぐみ	program (e.g. TV), programme	Bangumi		http://jisho.org/word/%E7%95%AA%E7%B5%84
8	反対	はんたい	opposition, resistance, antagonism, hostility, objection, dissension	reverse, opposite, vice versa, contrast		http://jisho.org/word/%E5%8F%8D%E5%AF%BE
8	森	もり	forest	shrine grove	Mori	http://jisho.org/word/%E6%A3%AE
8	役に立つ	やくにたつ	to be helpful, to be useful			http://jisho.org/word/%E5%BD%B9%E3%81%AB%E7%AB%8B%E3%81%A4
9	受ける	うける	to receive, to get	to catch (e.g. a ball)	to be struck by (wind, waves, sunlight, etc.)	http://jisho.org/word/%E5%8F%97%E3%81%91%E3%82%8B
9	美しい	うつくしい	beautiful, lovely			http://jisho.org/word/%E7%BE%8E%E3%81%97%E3%81%84
9	送る	おくる	to send (a thing), to dispatch, to despatch, to transmit	to take or escort (a person somewhere), to see off (a person)	to bid farewell (to the departed), to bury	http://jisho.org/word/%E9%80%81%E3%82%8B
9	表	おもて	surface	face (i.e. the visible side of an object)	front (of a building, etc.), obverse side (i.e. "head") of a coin	http://jisho.org/word/%E8%A1%A8
9	火事	かじ	fire, conflagration			http://jisho.org/word/%E7%81%AB%E4%BA%8B
9	勝つ	かつ	to win, to gain victory			http://jisho.org/word/%E5%8B%9D%E3%81%A4
9	気持ち	きもち	feeling, sensation, mood	preparedness, readiness, attitude	thanks, solicitude, sympathy	http://jisho.org/word/%E6%B0%97%E6%8C%81%E3%81%A1
9	具合	ぐあい	condition, state, manner, health			http://jisho.org/word/%E5%85%B7%E5%90%88
9	見物	けんぶつ	sightseeing, watching, viewing	sightseer, watcher, spectator	Kenbutsu	http://jisho.org/word/%E8%A6%8B%E7%89%A9
9	高校生	こうこうせい	senior high school student			http://jisho.org/word/%E9%AB%98%E6%A0%A1%E7%94%9F
9	今度	こんど	now, this time, next time, another time			http://jisho.org/word/%E4%BB%8A%E5%BA%A6
9	小学校	しょうがっこう	primary school, elementary school, grade school	Primary school		http://jisho.org/word/%E5%B0%8F%E5%AD%A6%E6%A0%A1
9	世界	せかい	the world, society, the universe	sphere, circle, world	renowned, world-famous, well-known outside of Japan	http://jisho.org/word/%E4%B8%96%E7%95%8C
9	大事	だいじ	important, valuable, serious matter	safe (Tochigi dialect), OK		http://jisho.org/word/%E5%A4%A7%E4%BA%8B
9	中学校	ちゅうがっこう	junior high school, middle school, lower secondary school	Middle school		http://jisho.org/word/%E4%B8%AD%E5%AD%A6%E6%A0%A1
9	付く	つく	to be attached, to be connected with, to adhere, to stick, to cling	to remain imprinted, to scar, to stain, to dye	to bear (fruit, interest, etc.)	http://jisho.org/word/%E4%BB%98%E3%81%8F
9	道具	どうぐ	tool, implement, instrument, utensil, apparatus, device	means	Tool	http://jisho.org/word/%E9%81%93%E5%85%B7
9	苦い	にがい	bitter			http://jisho.org/word/%E8%8B%A6%E3%81%84
9	乗り物	のりもの	vehicle, conveyance, transport	ride (playground, fair, carnival), playground facility	Vehicle	http://jisho.org/word/%E4%B9%97%E3%82%8A%E7%89%A9
9	始める	はじめる	to start, to begin, to commence, to initiate, to originate	to open (e.g. a store), to start up, to establish (business. etc.)	to start ..., to begin to ...	http://jisho.org/word/%E5%A7%8B%E3%82%81%E3%82%8B
9	発音	はつおん	pronunciation	Pronunciation		http://jisho.org/word/%E7%99%BA%E9%9F%B3
9	必要	ひつよう	necessary, needed, essential, indispensable	necessity, need, requirement		http://jisho.org/word/%E5%BF%85%E8%A6%81
9	返事	へんじ	reply, answer, response			http://jisho.org/word/%E8%BF%94%E4%BA%8B
9	負ける	まける	to lose, to be defeated	to succumb, to give in, to surrender, to yield	to be inferior to	http://jisho.org/word/%E8%B2%A0%E3%81%91%E3%82%8B
9	見つける	みつける	to discover, to find (e.g. an error in a book), to come across, to detect, to spot	to locate, to find (e.g. something missing), to find fault	to be used to seeing, to be familiar with	http://jisho.org/word/%E8%A6%8B%E3%81%A4%E3%81%91%E3%82%8B
9	用事	ようじ	tasks, things to do, errand, business (to take care of), affairs, engagement			http://jisho.org/word/%E7%94%A8%E4%BA%8B
9	予定	よてい	plans, arrangement, schedule, program, programme, expectation, estimate			http://jisho.org/word/%E4%BA%88%E5%AE%9A
10	集める	あつめる	to collect, to assemble, to gather			http://jisho.org/word/%E9%9B%86%E3%82%81%E3%82%8B
10	落ちる	おちる	to fall down, to drop, to fall (e.g. rain), to sink (e.g. sun or moon), to fall onto (e.g. light or one's gaze), to be used in a certain place (e.g. money)	to be omitted, to be missing	to decrease, to sink	http://jisho.org/word/%E8%90%BD%E3%81%A1%E3%82%8B
10	親	おや	parent, parents	dealer (in cards, mahjong, etc.)	founder	http://jisho.org/word/%E8%A6%AA
10	決まる	きまる	to be decided, to be settled	to look good in (clothes)		http://jisho.org/word/%E6%B1%BA%E3%81%BE%E3%82%8B
10	工業	こうぎょう	(manufacturing) industry			http://jisho.org/word/%E5%B7%A5%E6%A5%AD
10	最近	さいきん	most recent, these days, right now, recently, nowadays			http://jisho.org/word/%E6%9C%80%E8%BF%91
10	最後	さいご	last, end, conclusion, latest, most recent	no sooner than, right after (often having negative consequences)	one's final moments	http://jisho.org/word/%E6%9C%80%E5%BE%8C
10	調べる	しらべる	to examine, to investigate, to check up, to sense, to study, to inquire, to search			http://jisho.org/word/%E8%AA%BF%E3%81%B9%E3%82%8B
10	親切	しんせつ	kindness, gentleness			http://jisho.org/word/%E8%A6%AA%E5%88%87
10	進む	すすむ	to advance, to go forward	to precede, to go ahead (of)	to make progress, to improve	http://jisho.org/word/%E9%80%B2%E3%82%80
10	線	せん	line, stripe, stria	line (e.g. telephone line), wire	ray (e.g. X-ray), beam	http://jisho.org/word/%E7%B7%9A
10	楽しみ	たのしみ	enjoyment, pleasure, diversion, amusement, hobby	anticipation, looking forward to		http://jisho.org/word/%E6%A5%BD%E3%81%97%E3%81%BF
10	楽しむ	たのしむ	to enjoy (oneself)			http://jisho.org/word/%E6%A5%BD%E3%81%97%E3%82%80
10	入院	にゅういん	hospitalization, hospitalisation			http://jisho.org/word/%E5%85%A5%E9%99%A2
10	葉	は	leaf	Leaf		http://jisho.org/word/%E8%91%89
10	運ぶ	はこぶ	to carry, to transport, to move, to convey	to come, to go	to wield (a tool, etc.), to use	http://jisho.org/word/%E9%81%8B%E3%81%B6
10	間に合う	まにあう	to be in time for	to serve (suit, meet) the purpose, to be good enough, to be enough		http://jisho.org/word/%E9%96%93%E3%81%AB%E5%90%88%E3%81%86
11	味	あじ	flavor, flavour, taste	charm, style	experience	http://jisho.org/word/%E5%91%B3
11	意見	いけん	opinion, view, comment			http://jisho.org/word/%E6%84%8F%E8%A6%8B
11	受付	うけつけ	reception (desk), information desk	receipt, acceptance		http://jisho.org/word/%E5%8F%97%E4%BB%98
11	屋上	おくじょう	rooftop			http://jisho.org/word/%E5%B1%8B%E4%B8%8A
11	海岸	かいがん	coast, beach	Kaigan	Coast	http://jisho.org/word/%E6%B5%B7%E5%B2%B8
11	通う	かよう	to go to and from (a place), to go back and forth between, to run between (e.g. bus, train, etc.), to ply between	to go to (school, work, etc.), to attend, to commute, to frequent	to circulate (e.g. blood, electricity), to be communicated (e.g. thought)	http://jisho.org/word/%E9%80%9A%E3%81%86
11	教育	きょういく	training, education	Education		http://jisho.org/word/%E6%95%99%E8%82%B2
11	競争	きょうそう	competition, contest	to compete		http://jisho.org/word/%E7%AB%B6%E4%BA%89
11	最初	さいしょ	beginning, outset, first, onset			http://jisho.org/word/%E6%9C%80%E5%88%9D
11	神社	じんじゃ	Shinto shrine	Shinto shrine		http://jisho.org/word/%E7%A5%9E%E7%A4%BE
11	西洋	せいよう	the west, Western countries	Western world		http://jisho.org/word/%E8%A5%BF%E6%B4%8B
11	戦争	せんそう	war	War		http://jisho.org/word/%E6%88%A6%E4%BA%89
11	注意	ちゅうい	caution, being careful, attention (heed), warning, advice	Attention		http://jisho.org/word/%E6%B3%A8%E6%84%8F
11	伝える	つたえる	to convey, to report, to transmit, to communicate, to tell, to impart, to propagate, to teach, to bequeath			http://jisho.org/word/%E4%BC%9D%E3%81%88%E3%82%8B
11	特に	とくに	particularly, especially			http://jisho.org/word/%E7%89%B9%E3%81%AB
11	特別	とくべつ	special	Particular		http://jisho.org/word/%E7%89%B9%E5%88%A5
11	拾う	ひろう	to pick up, to find, to gather			http://jisho.org/word/%E6%8B%BE%E3%81%86
11	不便	ふべん	inconvenience, inexpediency, unhandiness			http://jisho.org/word/%E4%B8%8D%E4%BE%BF
11	別	べつ	distinction, difference, different, another, particular, separate, extra, exception			http://jisho.org/word/%E5%88%A5
11	昔	むかし	olden days, former			http://jisho.org/word/%E6%98%94
11	指	ゆび	finger, toe, digit	Finger		http://jisho.org/word/%E6%8C%87
11	用意	ようい	preparation, arrangements, provision, getting ready, laying out (e.g. a meal)			http://jisho.org/word/%E7%94%A8%E6%84%8F
12	集まる	あつまる	to gather, to collect, to assemble			http://jisho.org/word/%E9%9B%86%E3%81%BE%E3%82%8B
12	植える	うえる	to plant, to grow, to raise	to insert, to transplant, to implant, to set (type)	to inoculate (e.g. an infectious agent)	http://jisho.org/word/%E6%A4%8D%E3%81%88%E3%82%8B
12	動く	うごく	to move, to stir, to shift, to shake, to swing	to operate, to run, to go, to work	to be touched, to be influenced	http://jisho.org/word/%E5%8B%95%E3%81%8F
12	運転手	うんてんしゅ	driver, chauffeur	Chauffeur		http://jisho.org/word/%E9%81%8B%E8%BB%A2%E6%89%8B
12	落とす	おとす	to drop, to lose, to let fall, to shed (light), to cast (one's gaze), to pour in (liquid), to leave behind	to clean off (dirt, makeup, paint, etc.), to remove (e.g. stains or facial hair), to lose, to spend money at a certain place, to omit, to leave out, to secretly let escape	to lose (a match), to reject (an applicant), to fail (a course), to defeat (in an election)	http://jisho.org/word/%E8%90%BD%E3%81%A8%E3%81%99
12	終わり	おわり	the end			http://jisho.org/word/%E7%B5%82%E3%82%8F%E3%82%8A
12	悲しい	かなしい	sad, sorrowful			http://jisho.org/word/%E6%82%B2%E3%81%97%E3%81%84
12	聞こえる	きこえる	to be heard, to be audible	to be said to be, to be reputed		http://jisho.org/word/%E8%81%9E%E3%81%93%E3%81%88%E3%82%8B
12	着物	きもの	clothing, clothes	kimono (or other trad. Japanese clothing)		http://jisho.org/word/%E7%9D%80%E7%89%A9
12	空港	くうこう	airport	Airport		http://jisho.org/word/%E7%A9%BA%E6%B8%AF
12	下着	したぎ	underwear			http://jisho.org/word/%E4%B8%8B%E7%9D%80
12	島	しま	island	territory (of a prostitute, organized crime gang, etc.), turf	Island	http://jisho.org/word/%E5%B3%B6
12	店員	てんいん	shop assistant, employee, clerk, salesperson			http://jisho.org/word/%E5%BA%97%E5%93%A1
12	鳴る	なる	to sound, to ring, to resound, to echo, to roar, to rumble			http://jisho.org/word/%E9%B3%B4%E3%82%8B
12	歯医者	はいしゃ	dentist			http://jisho.org/word/%E6%AD%AF%E5%8C%BB%E8%80%85
12	深い	ふかい	deep	profound	dense, thick	http://jisho.org/word/%E6%B7%B1%E3%81%84
12	港	みなと	harbour, harbor, port			http://jisho.org/word/%E6%B8%AF
12	息子	むすこ	son	penis	Son	http://jisho.org/word/%E6%81%AF%E5%AD%90
13	謝る	あやまる	to apologize, to apologise			http://jisho.org/word/%E8%AC%9D%E3%82%8B
13	選ぶ	えらぶ	to choose, to select			http://jisho.org/word/%E9%81%B8%E3%81%B6
13	億	おく	10^8, 100,000,000, hundred million			http://jisho.org/word/%E5%84%84
13	鏡	かがみ	mirror, looking-glass	barrel head	Mirror	http://jisho.org/word/%E9%8F%A1
13	課長	かちょう	section manager, section chief			http://jisho.org/word/%E8%AA%B2%E9%95%B7
13	育てる	そだてる	to raise, to rear, to bring up	to train, to teach, to educate	to promote the growth of..., to nurture, to foster, to develop	http://jisho.org/word/%E8%82%B2%E3%81%A6%E3%82%8B
13	手伝う	てつだう	to help, to assist, to aid	to contribute to, to be a factor in		http://jisho.org/word/%E6%89%8B%E4%BC%9D%E3%81%86
13	熱	ねつ	heat	fever, temperature	zeal, passion, enthusiasm	http://jisho.org/word/%E7%86%B1
13	旅館	りょかん	ryokan, Japanese-style lodging, usu. professionally-run	Ryokan (Japanese inn)		http://jisho.org/word/%E6%97%85%E9%A4%A8
13	別れる	わかれる	to be divided, to part from, to separate (usu. for people), to bid farewell			http://jisho.org/word/%E5%88%A5%E3%82%8C%E3%82%8B
14	起こす	おこす	to raise, to raise up, to set up, to pick up	to wake, to wake up, to waken, to awaken	to cause, to bring about, to lead to, to trigger, to give rise to, to create, to generate (e.g. heat, electricity), to produce	http://jisho.org/word/%E8%B5%B7%E3%81%93%E3%81%99
14	折る	おる	to break, to fracture, to break off, to snap off, to pick (e.g. flowers)	to fold, to bend	to make (origami)	http://jisho.org/word/%E6%8A%98%E3%82%8B
14	硬い	かたい	hard, solid, tough	stiff, tight, wooden, unpolished (e.g. writing)	strong, firm (not viscous or easily moved)	http://jisho.org/word/%E7%A1%AC%E3%81%84
14	消しゴム	けしゴム	eraser, India rubber	Eraser		http://jisho.org/word/%E6%B6%88%E3%81%97%E3%82%B4%E3%83%A0
14	残念	ざんねん	deplorable, bad luck, regret, disappointment	Regret (emotion)		http://jisho.org/word/%E6%AE%8B%E5%BF%B5
14	女性	じょせい	woman, female	feminine gender	Woman	http://jisho.org/word/%E5%A5%B3%E6%80%A7
14	卒業	そつぎょう	graduation, completion (e.g. of a course)	outgrowing something, moving on	Graduation	http://jisho.org/word/%E5%8D%92%E6%A5%AD
14	例えば	たとえば	for example, for instance, e.g.			http://jisho.org/word/%E4%BE%8B%E3%81%88%E3%81%B0
14	男性	だんせい	man, male	masculine gender	Man	http://jisho.org/word/%E7%94%B7%E6%80%A7
14	都合	つごう	circumstances, condition, convenience	to arrange, to manage	to lend money, to raise money	http://jisho.org/word/%E9%83%BD%E5%90%88
14	残る	のこる	to remain, to be left			http://jisho.org/word/%E6%AE%8B%E3%82%8B
14	参る	まいる	to go, to come, to call	to be defeated, to collapse, to die	to be annoyed, to be nonplussed	http://jisho.org/word/%E5%8F%82%E3%82%8B
14	周り	まわり	circumference, girth	surroundings, neighbourhood, neighborhood, vicinity		http://jisho.org/word/%E5%91%A8%E3%82%8A
14	約束	やくそく	promise, agreement, arrangement, one's word, contract, pact, appointment, engagement, date	convention, rule	destiny, fate	http://jisho.org/word/%E7%B4%84%E6%9D%9F
14	予約	よやく	reservation, appointment, booking, advance order	contract, subscription, pledge	programming (e.g. a device), setting (e.g. a timer)	http://jisho.org/word/%E4%BA%88%E7%B4%84
15	浅い	あさい	shallow, superficial	slight (wound), light (sleep), pale (colour), inadequate (knowledge)	short (time), early, young	http://jisho.org/word/%E6%B5%85%E3%81%84
15	夫	おっと	husband			http://jisho.org/word/%E5%A4%AB
15	変える	かえる	to change, to alter, to transform, to convert, to turn, to vary	to reform, to revise, to amend		http://jisho.org/word/%E5%A4%89%E3%81%88%E3%82%8B
15	坂	さか	slope, hill	Grade (slope)		http://jisho.org/word/%E5%9D%82
15	建てる	たてる	to build, to construct			http://jisho.org/word/%E5%BB%BA%E3%81%A6%E3%82%8B
15	寺	てら	temple (Buddhist)			http://jisho.org/word/%E5%AF%BA
15	泣く	なく	to cry, to weep, to sob, to howl			http://jisho.org/word/%E6%B3%A3%E3%81%8F
15	昼休み	ひるやすみ	lunch break, noon recess, noon rest period			http://jisho.org/word/%E6%98%BC%E4%BC%91%E3%81%BF
15	文法	ぶんぽう	grammar, syntax	Grammar		http://jisho.org/word/%E6%96%87%E6%B3%95
15	変	へん	strange, odd, peculiar, weird, curious, queer, eccentric, funny, suspicious, fishy	unexpected	change	http://jisho.org/word/%E5%A4%89
15	指輪	ゆびわ	(finger) ring	Ring (jewellery)		http://jisho.org/word/%E6%8C%87%E8%BC%AA
16	急ぐ	いそぐ	to hurry, to rush, to hasten, to make something happen sooner			http://jisho.org/word/%E6%80%A5%E3%81%90
16	折れる	おれる	to break, to be broken, to snap, to fracture	to be folded	to give in, to back down, to yield, to submit	http://jisho.org/word/%E6%8A%98%E3%82%8C%E3%82%8B
16	関係	かんけい	relation, relationship, connection	participation, involvement, concern	influence, effect	http://jisho.org/word/%E9%96%A2%E4%BF%82
16	危険	きけん	danger, peril, hazard	risk	Danger	http://jisho.org/word/%E5%8D%B1%E9%99%BA
16	技術	ぎじゅつ	technology, engineering	technique, skill	art, craft	http://jisho.org/word/%E6%8A%80%E8%A1%93
16	急	きゅう	urgent, sudden, abrupt	sharp, steep, precipitous	rapid, swift, fast	http://jisho.org/word/%E6%80%A5
16	急行	きゅうこう	moving at high speed	express (e.g. train that bypasses many stations)		http://jisho.org/word/%E6%80%A5%E8%A1%8C
16	辞典	じてん	dictionary	Dictionary		http://jisho.org/word/%E8%BE%9E%E5%85%B8
16	食料品	しょくりょうひん	foodstuff, groceries			http://jisho.org/word/%E9%A3%9F%E6%96%99%E5%93%81
16	政治	せいじ	politics, government	Politics		http://jisho.org/word/%E6%94%BF%E6%B2%BB
16	動物園	どうぶつえん	zoo, zoological gardens	Doubutsuen	Zoo	http://jisho.org/word/%E5%8B%95%E7%89%A9%E5%9C%92
16	遠く	とおく	far away, distant, at a distance, distant place, by far			http://jisho.org/word/%E9%81%A0%E3%81%8F
16	特急	とっきゅう	limited express (train, faster than an express)	great hurry		http://jisho.org/word/%E7%89%B9%E6%80%A5
16	美術館	びじゅつかん	art gallery, art museum	Bijutsukan	Art museum	http://jisho.org/word/%E7%BE%8E%E8%A1%93%E9%A4%A8
16	喜ぶ	よろこぶ	to be delighted, to be glad, to be pleased	to congratulate	to gratefully accept	http://jisho.org/word/%E5%96%9C%E3%81%B6
16	留守	るす	absence, being away from home	house-sitting, house-sitter	being left unattended to (of one's studies, etc.), neglecting	http://jisho.org/word/%E7%95%99%E5%AE%88
16	笑う	わらう	to laugh	to smile	to sneer, to ridicule	http://jisho.org/word/%E7%AC%91%E3%81%86
17	変わる	かわる	to change, to be transformed, to be altered, to vary	to move to	to be different, to be uncommon, to be unusual	http://jisho.org/word/%E5%A4%89%E3%82%8F%E3%82%8B
17	警察	けいさつ	police	police officer	police station	http://jisho.org/word/%E8%AD%A6%E5%AF%9F
17	原因	げんいん	cause, origin, source			http://jisho.org/word/%E5%8E%9F%E5%9B%A0
17	失敗	しっぱい	failure, mistake, blunder			http://jisho.org/word/%E5%A4%B1%E6%95%97
17	小説	しょうせつ	novel, (short) story	Novel		http://jisho.org/word/%E5%B0%8F%E8%AA%AC
17	席	せき	seat	location (of a gathering, etc.), place	position, post	http://jisho.org/word/%E5%B8%AD
17	説明	せつめい	explanation, exposition	Explanation		http://jisho.org/word/%E8%AA%AC%E6%98%8E
17	無理	むり	unreasonable, unnatural, unjustifiable	impossible	forcible, forced, compulsory	http://jisho.org/word/%E7%84%A1%E7%90%86
18	祈る	いのる	to pray, to wish			http://jisho.org/word/%E7%A5%88%E3%82%8B
18	汽車	きしゃ	train (sometimes specifically a steam train)			http://jisho.org/word/%E6%B1%BD%E8%BB%8A
18	試合	しあい	match, game, bout, contest			http://jisho.org/word/%E8%A9%A6%E5%90%88
18	試験	しけん	examination, test, study, trial, experiment			http://jisho.org/word/%E8%A9%A6%E9%A8%93
18	焼く	やく	to burn	to roast, to broil, to grill, to bake, to toast, to barbecue	to heat, to heat up	http://jisho.org/word/%E7%84%BC%E3%81%8F
19	季節	きせつ	season	Season		http://jisho.org/word/%E5%AD%A3%E7%AF%80
19	比べる	くらべる	to compare, to make a comparison	to compete, to vie		http://jisho.org/word/%E6%AF%94%E3%81%B9%E3%82%8B
19	細かい	こまかい	small	fine, minute	minor, trivial	http://jisho.org/word/%E7%B4%B0%E3%81%8B%E3%81%84
19	続く	つづく	to continue, to last, to go on	to continue (without a break), to be unbroken	to occur again and again	http://jisho.org/word/%E7%B6%9A%E3%81%8F
19	非常に	ひじょうに	very, extremely, exceedingly			http://jisho.org/word/%E9%9D%9E%E5%B8%B8%E3%81%AB
19	布団	ふとん	futon (quilted Japanese-style mattress laid out on the floor)	round cushion used for Zen meditation (traditionally made of woven bulrush leaves)	Futon	http://jisho.org/word/%E5%B8%83%E5%9B%A3
19	歴史	れきし	history	History		http://jisho.org/word/%E6%AD%B4%E5%8F%B2
19	連絡	れんらく	to contact, to get in touch	contacting, getting in touch, communication, call, message	connection, coordination, junction	http://jisho.org/word/%E9%80%A3%E7%B5%A1
20	会議	かいぎ	meeting, conference, session, assembly, council, convention, congress	Meeting		http://jisho.org/word/%E4%BC%9A%E8%AD%B0
20	会議室	かいぎしつ	conference room, council room	Conference hall		http://jisho.org/word/%E4%BC%9A%E8%AD%B0%E5%AE%A4
20	高等学校	こうとうがっこう	senior high school, high school	High school		http://jisho.org/word/%E9%AB%98%E7%AD%89%E5%AD%A6%E6%A0%A1
20	地震	じしん	earthquake	Earthquake		http://jisho.org/word/%E5%9C%B0%E9%9C%87
20	妻	つま	wife	my dear, dear, honey	garnish (esp. one served with sashimi)	http://jisho.org/word/%E5%A6%BB
20	天気予報	てんきよほう	weather forecast, weather report	Weather forecasting		http://jisho.org/word/%E5%A4%A9%E6%B0%97%E4%BA%88%E5%A0%B1
20	焼ける	やける	to burn, to be roasted, to be heated, to be sunburnt, to fade (in the sun), to glow red (i.e. of the sky at sunset)	to be jealous, to be envious		http://jisho.org/word/%E7%84%BC%E3%81%91%E3%82%8B
20	夢	ゆめ	dream	Dream		http://jisho.org/word/%E5%A4%A2
20	忘れ物	わすれもの	lost article, something forgotten			http://jisho.org/word/%E5%BF%98%E3%82%8C%E7%89%A9
21	経済	けいざい	economics, business, finance, economy	Economy		http://jisho.org/word/%E7%B5%8C%E6%B8%88
21	国際	こくさい	international	International		http://jisho.org/word/%E5%9B%BD%E9%9A%9B
21	込む	こむ	to be crowded, to be packed	to be complex	to go into, to put into, to remain (seated), to be plunged into (silence), to do thoroughly	http://jisho.org/word/%E8%BE%BC%E3%82%80
21	事務所	じむしょ	office			http://jisho.org/word/%E4%BA%8B%E5%8B%99%E6%89%80
21	済む	すむ	to finish, to end, to be completed	to merely result in something less severe than expected	to feel at ease	http://jisho.org/word/%E6%B8%88%E3%82%80
21	続ける	つづける	to continue, to keep up, to keep on			http://jisho.org/word/%E7%B6%9A%E3%81%91%E3%82%8B
21	増える	ふえる	to increase, to multiply			http://jisho.org/word/%E5%A2%97%E3%81%88%E3%82%8B
22	赤ん坊	あかんぼう	baby, infant			http://jisho.org/word/%E8%B5%A4%E3%82%93%E5%9D%8A
22	機会	きかい	chance, opportunity			http://jisho.org/word/%E6%A9%9F%E4%BC%9A
22	産業	さんぎょう	industry	livelihood, occupation	Sangyou	http://jisho.org/word/%E7%94%A3%E6%A5%AD
22	過ぎる	すぎる	to pass through, to pass by, to go beyond	to pass (i.e. of time), to elapse	to have expired, to have ended, to be over	http://jisho.org/word/%E9%81%8E%E3%81%8E%E3%82%8B
22	倒れる	たおれる	to fall, to collapse, to drop, to fall senseless	to be forced to bed (by illness, etc.)	to die	http://jisho.org/word/%E5%80%92%E3%82%8C%E3%82%8B
22	寝坊	ねぼう	sleeping in late, oversleeping	late riser, sleepyhead		http://jisho.org/word/%E5%AF%9D%E5%9D%8A
23	看護師	かんごし	(hospital) nurse, registered nurse, RN			http://jisho.org/word/%E7%9C%8B%E8%AD%B7%E5%B8%AB
23	規則	きそく	rules, regulations, conventions			http://jisho.org/word/%E8%A6%8F%E5%89%87
23	法律	ほうりつ	law	Statute		http://jisho.org/word/%E6%B3%95%E5%BE%8B
23	優しい	やさしい	tender, kind, gentle, graceful, affectionate, amiable			http://jisho.org/word/%E5%84%AA%E3%81%97%E3%81%84
23	割合	わりあい	rate, ratio, percentage, proportion	comparatively	contrary to expectations	http://jisho.org/word/%E5%89%B2%E5%90%88
24	腕	うで	arm	skill, efforts, ability	Ude	http://jisho.org/word/%E8%85%95
24	触る	さわる	to touch, to feel			http://jisho.org/word/%E8%A7%A6%E3%82%8B
25	景色	けしき	scenery, scene, landscape			http://jisho.org/word/%E6%99%AF%E8%89%B2
25	探す	さがす	to search (for something desired, needed), to look for	to search (for something lost), to seek (a suspect in a crime)		http://jisho.org/word/%E6%8E%A2%E3%81%99
25	習慣	しゅうかん	habit	custom, cultural practice		http://jisho.org/word/%E7%BF%92%E6%85%A3
25	先輩	せんぱい	senior (at work or school), superior, elder, older graduate, progenitor, old-timer	Senpai and kōhai		http://jisho.org/word/%E5%85%88%E8%BC%A9
25	慣れる	なれる	to get used to, to grow accustomed to, to become familiar with	to become skilled in, to become experienced at	to become tame, to become domesticated	http://jisho.org/word/%E6%85%A3%E3%82%8C%E3%82%8B
25	割れる	われる	to break, to be smashed	to split, to crack, to fissure, to be torn	to be divided, to cleave	http://jisho.org/word/%E5%89%B2%E3%82%8C%E3%82%8B
26	お祝い	おいわい	congratulation, congratulations, celebration, festival, congratulatory gift			http://jisho.org/word/%E3%81%8A%E7%A5%9D%E3%81%84
26	故障	こしょう	breakdown, failure, fault, accident, out of order	damage, hurt	objection, protest	http://jisho.org/word/%E6%95%85%E9%9A%9C
26	差し上げる	さしあげる	to give, to offer	to lift up, to hold up, to raise		http://jisho.org/word/%E5%B7%AE%E3%81%97%E4%B8%8A%E3%81%92%E3%82%8B
26	再来月	さらいげつ	month after next			http://jisho.org/word/%E5%86%8D%E6%9D%A5%E6%9C%88
26	再来週	さらいしゅう	week after next			http://jisho.org/word/%E5%86%8D%E6%9D%A5%E9%80%B1
26	事故	じこ	accident, incident, trouble	circumstances, reasons	Accident	http://jisho.org/word/%E4%BA%8B%E6%95%85
26	届ける	とどける	to deliver, to forward, to send	to report, to notify, to file notice (to the authorities), to give notice, to register		http://jisho.org/word/%E5%B1%8A%E3%81%91%E3%82%8B
26	復習	ふくしゅう	review, revision			http://jisho.org/word/%E5%BE%A9%E7%BF%92
27	怒る	おこる	to get angry, to get mad	to tell someone off, to scold	to be angular, to be square	http://jisho.org/word/%E6%80%92%E3%82%8B
27	退院	たいいん	leaving hospital, discharge from hospital			http://jisho.org/word/%E9%80%80%E9%99%A2
27	訪ねる	たずねる	to visit, to call on, to pay a visit to			http://jisho.org/word/%E8%A8%AA%E3%81%AD%E3%82%8B
27	途中	とちゅう	on the way, en route	in the middle of, midway		http://jisho.org/word/%E9%80%94%E4%B8%AD
27	取り替える	とりかえる	to exchange, to replace			http://jisho.org/word/%E5%8F%96%E3%82%8A%E6%9B%BF%E3%81%88%E3%82%8B
27	値段	ねだん	price, cost			http://jisho.org/word/%E5%80%A4%E6%AE%B5
27	眠い	ねむい	sleepy, drowsy, somnolent			http://jisho.org/word/%E7%9C%A0%E3%81%84
28	成程	なるほど	I see, That's right!, Indeed			http://jisho.org/word/%E6%88%90%E7%A8%8B
29	一杯	いっぱい	amount necessary to fill a container (e.g. cupful, spoonful, etc.), drink (usu. alcoholic)	full	one squid, octopus, crab, etc., one boat	http://jisho.org/word/%E4%B8%80%E6%9D%AF
29	乾く	かわく	to get dry			http://jisho.org/word/%E4%B9%BE%E3%81%8F
29	怖い	こわい	scary, frightening, eerie, dreadful	(I'm) afraid		http://jisho.org/word/%E6%80%96%E3%81%84
29	壊す	こわす	to break, to destroy, to demolish	to wreck, to ruin, to spoil, to damage	to break (a bill, etc.)	http://jisho.org/word/%E5%A3%8A%E3%81%99
29	眠る	ねむる	to sleep (not necessarily lying down)	to die	to lie idle (e.g. of resources), to be dormant, to be unused	http://jisho.org/word/%E7%9C%A0%E3%82%8B
29	娘	むすめ	(my) daughter	girl (i.e. a young, unmarried woman)		http://jisho.org/word/%E5%A8%98
29	寄る	よる	to approach, to draw near, to come near, to be close to	to gather (in one place), to come together, to meet	to stop by (while on one's way to another place), to drop by, to make a short visit	http://jisho.org/word/%E5%AF%84%E3%82%8B
30	遊び	あそび	playing	play (margin between on and off, gap before pressing button or lever has an effect)	Play (activity)	http://jisho.org/word/%E9%81%8A%E3%81%B3
30	移る	うつる	to move (house), to transfer (department)	to change the target of interest or concern	to elapse (passage of time)	http://jisho.org/word/%E7%A7%BB%E3%82%8B
30	飾る	かざる	to decorate, to ornament, to adorn			http://jisho.org/word/%E9%A3%BE%E3%82%8B
30	騒ぐ	さわぐ	to make noise, to make racket, to be noisy	to rustle, to swoosh	to make merry	http://jisho.org/word/%E9%A8%92%E3%81%90
30	適当	てきとう	suitable, proper, appropriate, adequate, fit	noncommittal, vague, equivocal, unserious, irresponsible		http://jisho.org/word/%E9%81%A9%E5%BD%93
30	盗む	ぬすむ	to steal			http://jisho.org/word/%E7%9B%97%E3%82%80
31	驚く	おどろく	to be surprised, to be astonished			http://jisho.org/word/%E9%A9%9A%E3%81%8F
31	壊れる	こわれる	to be broken, to break	to fall through, to come to nothing		http://jisho.org/word/%E5%A3%8A%E3%82%8C%E3%82%8B
31	尋ねる	たずねる	to ask, to enquire, to inquire	to search, to look for, to look into, to investigate		http://jisho.org/word/%E5%B0%8B%E3%81%AD%E3%82%8B
31	似る	にる	to resemble, to look like, to take after	to be similar (in status, condition, etc.), to be close, to be alike, to be like		http://jisho.org/word/%E4%BC%BC%E3%82%8B
31	普通	ふつう	general, ordinary, usual	normally, generally, usually	train that stops at every station	http://jisho.org/word/%E6%99%AE%E9%80%9A
32	押し入れ	おしいれ	closet	Closet		http://jisho.org/word/%E6%8A%BC%E3%81%97%E5%85%A5%E3%82%8C
32	厳しい	きびしい	severe, strict, rigid, unsparing, relentless	stern, austere, grave, solemn, majestic	intense (cold), harsh	http://jisho.org/word/%E5%8E%B3%E3%81%97%E3%81%84
32	興味	きょうみ	interest (in something), curiosity (about something), zest (for)			http://jisho.org/word/%E8%88%88%E5%91%B3
32	捨てる	すてる	to throw away, to cast away, to dump, to discard	to abandon, to desert, to leave	to give up, to resign	http://jisho.org/word/%E6%8D%A8%E3%81%A6%E3%82%8B
32	背中	せなか	back (of body)	Human back		http://jisho.org/word/%E8%83%8C%E4%B8%AD
32	祖父	そふ	grandfather	old man	kyogen mask used for the role of an old man	http://jisho.org/word/%E7%A5%96%E7%88%B6
32	祖母	そぼ	grandmother			http://jisho.org/word/%E7%A5%96%E6%AF%8D
32	冷える	ひえる	to grow cold (from room temperature, e.g. in refrigerator), to get chilly, to cool down			http://jisho.org/word/%E5%86%B7%E3%81%88%E3%82%8B
32	複雑	ふくざつ	complex, complicated, mixed (feelings)			http://jisho.org/word/%E8%A4%87%E9%9B%91
32	迎える	むかえる	to go out to meet	to receive, to welcome, to greet, to salute, to hail, to reach, to approach, to enter (a phase, era, etc.)	to accept (e.g. as a member of a group or family)	http://jisho.org/word/%E8%BF%8E%E3%81%88%E3%82%8B
32	汚れる	よごれる	to get dirty, to become dirty	to become sullied, to become corrupted, to lose one's chastity		http://jisho.org/word/%E6%B1%9A%E3%82%8C%E3%82%8B
32	訳	わけ	conclusion from reasoning, judgement or calculation based on something read or heard, reason, cause, meaning, circumstances, situation			http://jisho.org/word/%E8%A8%B3
33	裏	うら	bottom (or another side that is hidden from view), undersurface, opposite side, reverse side	rear, back, behind (the house)	lining, inside	http://jisho.org/word/%E8%A3%8F
33	簡単	かんたん	simple, easy, uncomplicated	brief, quick, light		http://jisho.org/word/%E7%B0%A1%E5%8D%98
33	砂	すな	sand, grit	gold dust, silver dust	Sand	http://jisho.org/word/%E7%A0%82
33	泥棒	どろぼう	thief, burglar, robber, theft			http://jisho.org/word/%E6%B3%A5%E6%A3%92
34	枝	えだ	branch, bow, bough, twig, limb			http://jisho.org/word/%E6%9E%9D
34	注射	ちゅうしゃ	injection	Injection (medicine)		http://jisho.org/word/%E6%B3%A8%E5%B0%84
34	拝見	はいけん	seeing, look at			http://jisho.org/word/%E6%8B%9D%E8%A6%8B
34	引っ越す	ひっこす	to move (house), to change residence			http://jisho.org/word/%E5%BC%95%E3%81%A3%E8%B6%8A%E3%81%99
35	田舎	いなか	rural area, countryside, the sticks	hometown	Rural area	http://jisho.org/word/%E7%94%B0%E8%88%8E
35	遅れる	おくれる	to be late, to be delayed, to fall behind schedule, to be overdue			http://jisho.org/word/%E9%81%85%E3%82%8C%E3%82%8B
35	暮れる	くれる	to get dark	to end, to come to an end, to close, to run out	to be sunk (e.g. in despair), to be lost	http://jisho.org/word/%E6%9A%AE%E3%82%8C%E3%82%8B
35	講義	こうぎ	lecture	Lecture		http://jisho.org/word/%E8%AC%9B%E7%BE%A9
35	紹介	しょうかい	introduction, presentation, referral, listing			http://jisho.org/word/%E7%B4%B9%E4%BB%8B
35	恥ずかしい	はずかしい	shy, ashamed, embarrassed	disgraceful, shameful		http://jisho.org/word/%E6%81%A5%E3%81%9A%E3%81%8B%E3%81%97%E3%81%84
35	払う	はらう	to pay (e.g. money, bill)	to brush off, to wipe away, to clear away, to dust off, to cut off (e.g. branches)	to drive away (e.g. one's competitors)	http://jisho.org/word/%E6%89%95%E3%81%86
35	湖	みずうみ	lake	Lake		http://jisho.org/word/%E6%B9%96
35	味噌	みそ	miso, fermented condiment usu. made from soybeans	innards (from crabs, shrimps, etc.) resembling miso	key (main) point, good part (of something)	http://jisho.org/word/%E5%91%B3%E5%99%8C
36	将来	しょうらい	future (usually near), prospects			http://jisho.org/word/%E5%B0%86%E6%9D%A5
36	踏む	ふむ	to step on, to tread on	to experience, to undergo	to estimate, to value, to appraise	http://jisho.org/word/%E8%B8%8F%E3%82%80
36	貿易	ぼうえき	trade (foreign)	International trade		http://jisho.org/word/%E8%B2%BF%E6%98%93
37	彼女	かのじょ	she, her	her	girlfriend, sweetheart	http://jisho.org/word/%E5%BD%BC%E5%A5%B3
37	大抵	たいてい	mostly, ordinarily, usually, generally	probably	most, almost all	http://jisho.org/word/%E5%A4%A7%E6%8A%B5
37	戻る	もどる	to turn back (e.g. half-way)	to return, to go back	to recover (e.g. something lost), to be returned	http://jisho.org/word/%E6%88%BB%E3%82%8B
38	致す	いたす	to do			http://jisho.org/word/%E8%87%B4%E3%81%99
38	遠慮	えんりょ	reserve, constraint, restraint, modesty, diffidence, hesitation, holding back, discretion, tact, thoughtfulness	declining, refraining	forethought, foresight	http://jisho.org/word/%E9%81%A0%E6%85%AE
38	お見舞い	おみまい	calling on someone who is ill, enquiry, inquiry			http://jisho.org/word/%E3%81%8A%E8%A6%8B%E8%88%9E%E3%81%84
38	暖房	だんぼう	(indoor) heating			http://jisho.org/word/%E6%9A%96%E6%88%BF
38	逃げる	にげる	to escape, to run away			http://jisho.org/word/%E9%80%83%E3%81%92%E3%82%8B
38	乗り換える	のりかえる	to transfer (trains), to change (bus, train)	to change one's mind, to move on to (e.g. a new love interest), to change methods, to change one's way of thinking		http://jisho.org/word/%E4%B9%97%E3%82%8A%E6%8F%9B%E3%81%88%E3%82%8B
38	冷房	れいぼう	cooling, air-conditioning			http://jisho.org/word/%E5%86%B7%E6%88%BF
39	壁	かべ	wall, partition	barrier, obstacle	Chinese "Wall" constellation (one of the 28 mansions)	http://jisho.org/word/%E5%A3%81
39	ご覧になる	ごらんになる	to see, to look, to watch	try to		http://jisho.org/word/%E3%81%94%E8%A6%A7%E3%81%AB%E3%81%AA%E3%82%8B
40	一生懸命	いっしょうけんめい	very hard, with utmost effort, with all one's might, for dear life			http://jisho.org/word/%E4%B8%80%E7%94%9F%E6%87%B8%E5%91%BD
40	贈り物	おくりもの	present, gift	Gift		http://jisho.org/word/%E8%B4%88%E3%82%8A%E7%89%A9
40	駐車場	ちゅうしゃじょう	parking lot, parking place	Parking lot		http://jisho.org/word/%E9%A7%90%E8%BB%8A%E5%A0%B4
40	褒める	ほめる	to praise, to admire, to speak well of someone			http://jisho.org/word/%E8%A4%92%E3%82%81%E3%82%8B
41	包む	くるむ	to wrap up, to tuck in, to pack, to do up, to cover with, to dress in	to conceal, to hide, to be engulfed in, to be enveloped by		http://jisho.org/word/%E5%8C%85%E3%82%80
42	暫く	しばらく	little while, short while, moment, instant	a while, quite a time	it's been a long time	http://jisho.org/word/%E6%9A%AB%E3%81%8F
42	滑る	すべる	to glide, to slide (e.g. on skis), to slip	to fail (an examination), to bomb (when telling a joke)	to drop, to go down, to come down, to fall (e.g. in status)	http://jisho.org/word/%E6%BB%91%E3%82%8B
42	泊まる	とまる	to stay at (e.g. hotel)	to be docked, to be berthed, to be moored		http://jisho.org/word/%E6%B3%8A%E3%81%BE%E3%82%8B
43	柔道	じゅうどう	judo	Judo		http://jisho.org/word/%E6%9F%94%E9%81%93
43	趣味	しゅみ	hobby, pastime	tastes, preference, liking	Hobby	http://jisho.org/word/%E8%B6%A3%E5%91%B3
43	珍しい	めずらしい	unusual, rare, curious	new, novel	fine (e.g. gift)	http://jisho.org/word/%E7%8F%8D%E3%81%97%E3%81%84
43	柔らかい	やわらかい	soft, tender, limp, limber	gentle, mild	informal, lighter	http://jisho.org/word/%E6%9F%94%E3%82%89%E3%81%8B%E3%81%84
44	髪	かみ	hair (on the head)			http://jisho.org/word/%E9%AB%AA
44	棚	たな	shelf, shelves, ledge, rack	trellis		http://jisho.org/word/%E6%A3%9A
44	釣る	つる	to fish, to angle, to catch	to lure in, to tempt, to attract, to entice, to allure		http://jisho.org/word/%E9%87%A3%E3%82%8B
44	手袋	てぶくろ	glove, mitten, mitt	Glove		http://jisho.org/word/%E6%89%8B%E8%A2%8B
44	僕	ぼく	I, me	you	manservant	http://jisho.org/word/%E5%83%95
44	揺れる	ゆれる	to shake, to sway, to waver			http://jisho.org/word/%E6%8F%BA%E3%82%8C%E3%82%8B
45	この頃	このごろ	recently, nowadays, these days, now, at present			http://jisho.org/word/%E3%81%93%E3%81%AE%E9%A0%83
46	木綿	もめん	cotton (material)	red silk-cotton tree (Bombax ceiba)	Cotton	http://jisho.org/word/%E6%9C%A8%E7%B6%BF
47	お嬢さん	おじょうさん	daughter	young lady		http://jisho.org/word/%E3%81%8A%E5%AC%A2%E3%81%95%E3%82%93
47	畳	たたみ	tatami mat, Japanese straw floor coverings			http://jisho.org/word/%E7%95%B3
48	踊り	おどり	dance			http://jisho.org/word/%E8%B8%8A%E3%82%8A
48	踊る	おどる	to dance (orig. a hopping dance)			http://jisho.org/word/%E8%B8%8A%E3%82%8B
48	電灯	でんとう	electric light			http://jisho.org/word/%E9%9B%BB%E7%81%AF
48	塗る	ぬる	to paint, to plaster, to lacquer, to varnish, to spread, to smear, to put up (wallpaper)			http://jisho.org/word/%E5%A1%97%E3%82%8B
50	偶に	たまに	occasionally, once in a while			http://jisho.org/word/%E5%81%B6%E3%81%AB
50	翻訳	ほんやく	translation	de-encryption, deciphering	rendering	http://jisho.org/word/%E7%BF%BB%E8%A8%B3
50	漫画	まんが	cartoon, comic, comic strip	Comics		http://jisho.org/word/%E6%BC%AB%E7%94%BB
51	郊外	こうがい	suburb, outskirts	Suburb		http://jisho.org/word/%E9%83%8A%E5%A4%96
51	隅	すみ	corner, nook, recess	downstage right (on a noh stage)		http://jisho.org/word/%E9%9A%85
51	沸く	わく	to grow hot (e.g. water), to boil	to be in a state of excitement, to get excited, to take place energetically, to erupt (e.g. in applause, cheers)		http://jisho.org/word/%E6%B2%B8%E3%81%8F
53	召し上がる	めしあがる	to eat, to drink			http://jisho.org/word/%E5%8F%AC%E3%81%97%E4%B8%8A%E3%81%8C%E3%82%8B
53	沸かす	わかす	to boil, to heat	to excite	to melt (metal)	http://jisho.org/word/%E6%B2%B8%E3%81%8B%E3%81%99
54	酷い	ひどい	cruel, heartless, hard, harsh, severe	violent, intense, strong, heavy, extreme	very bad, terrible, awful	http://jisho.org/word/%E9%85%B7%E3%81%84
56	寂しい	さびしい	lonely, lonesome, solitary, desolate			http://jisho.org/word/%E5%AF%82%E3%81%97%E3%81%84
57	漬ける	つける	to soak, to seep, to dip in	to pickle		http://jisho.org/word/%E6%BC%AC%E3%81%91%E3%82%8B
58	絹	きぬ	silk	Silk		http://jisho.org/word/%E7%B5%B9
100	ああ	ああ	like that (used for something or someone distant from both speaker and listener), so			http://jisho.org/word/%E3%81%82%E3%81%82
100	間	あいだ	space (between), gap, interval, distance	time (between), pause, break	span (temporal or spatial), stretch, period (while)	http://jisho.org/word/%E9%96%93
100	アクセサリー	アクセサリー	accessory	Accessory		http://jisho.org/word/%E3%82%A2%E3%82%AF%E3%82%BB%E3%82%B5%E3%83%AA%E3%83%BC
100	アジア	アジア	Asia (esp. "the Far East")	Asian, Asiatic	Asia	http://jisho.org/word/%E3%82%A2%E3%82%B8%E3%82%A2
100	あっ	あっ	Ah! (expression of surprise, recollection, etc.), Oh!	Hey! (to get someone's attention)	A (kana)	http://jisho.org/word/%E3%81%82%E3%81%A3
100	アナウンサー	アナウンサー	announcer	Announcer		http://jisho.org/word/%E3%82%A2%E3%83%8A%E3%82%A6%E3%83%B3%E3%82%B5%E3%83%BC
100	阿弗利加	アフリカ	Africa			http://jisho.org/word/%E9%98%BF%E5%BC%97%E5%88%A9%E5%8A%A0
100	亜米利加	アメリカ	America	United States of America	America	http://jisho.org/word/%E4%BA%9C%E7%B1%B3%E5%88%A9%E5%8A%A0
100	アルコール	アルコール	alcohol	Alcohol		http://jisho.org/word/%E3%82%A2%E3%83%AB%E3%82%B3%E3%83%BC%E3%83%AB
100	アルバイト	アルバイト	part-time job, side job	albite		http://jisho.org/word/%E3%82%A2%E3%83%AB%E3%83%90%E3%82%A4%E3%83%88
100	あんな	あんな	such (about something or someone distant from both speaker and listener, or about a situation unfamiliar to both speaker and listener), so, that, sort of			http://jisho.org/word/%E3%81%82%E3%82%93%E3%81%AA
100	苛める	いじめる	to tease, to torment, to persecute, to chastise			http://jisho.org/word/%E8%8B%9B%E3%82%81%E3%82%8B
100	一度	いちど	once, one time, on one occasion	temporarily, for a moment	one degree, one tone, one musical interval	http://jisho.org/word/%E4%B8%80%E5%BA%A6
100	以内	いない	within, inside of, less than			http://jisho.org/word/%E4%BB%A5%E5%86%85
100	いらっしゃる	いらっしゃる	to come, to go, to be (somewhere)	is (doing), are (doing)		http://jisho.org/word/%E3%81%84%E3%82%89%E3%81%A3%E3%81%97%E3%82%83%E3%82%8B
100	売り場	うりば	place where things are sold, point of sale, POS, sales floor, counter (in shop)	favorable time to sell, good time to sell		http://jisho.org/word/%E5%A3%B2%E3%82%8A%E5%A0%B4
100	うん	うん	yes, yeah, uh huh			http://jisho.org/word/%E3%81%86%E3%82%93
100	エスカレーター	エスカレーター	escalator	Escalator		http://jisho.org/word/%E3%82%A8%E3%82%B9%E3%82%AB%E3%83%AC%E3%83%BC%E3%82%BF%E3%83%BC
100	オートバイ	オートバイ	motorcycle	Motorcycle		http://jisho.org/word/%E3%82%AA%E3%83%BC%E3%83%88%E3%83%90%E3%82%A4
100	お出でになる	おいでになる	to be	to come	to go	http://jisho.org/word/%E3%81%8A%E5%87%BA%E3%81%A7%E3%81%AB%E3%81%AA%E3%82%8B
100	お蔭	おかげ	grace (of God), benevolence (of Buddha), blessing	assistance, help, aid	effects, influence	http://jisho.org/word/%E3%81%8A%E8%94%AD
100	可笑しい	おかしい	funny, amusing, comical, laughable, ridiculous	strange, odd, funny, peculiar, weird, unusual, eccentric	improper, unsuitable, unbecoming	http://jisho.org/word/%E5%8F%AF%E7%AC%91%E3%81%97%E3%81%84
100	お宅	おたく	your house, your home, your family	your husband	your organization	http://jisho.org/word/%E3%81%8A%E5%AE%85
100	仰る	おっしゃる	to say, to speak, to tell, to talk			http://jisho.org/word/%E4%BB%B0%E3%82%8B
100	お釣り	おつり	change (i.e. money), balance			http://jisho.org/word/%E3%81%8A%E9%87%A3%E3%82%8A
100	お祭り	おまつり	festival, feast, carnival			http://jisho.org/word/%E3%81%8A%E7%A5%AD%E3%82%8A
100	お土産	おみやげ	present, souvenir			http://jisho.org/word/%E3%81%8A%E5%9C%9F%E7%94%A3
100	玩具	おもちゃ	toy, plaything	Toy		http://jisho.org/word/%E7%8E%A9%E5%85%B7
100	泳ぎ方	およぎかた	way of swimming			http://jisho.org/word/%E6%B3%B3%E3%81%8E%E6%96%B9
100	カーテン	カーテン	curtain, curtains	Curtain		http://jisho.org/word/%E3%82%AB%E3%83%BC%E3%83%86%E3%83%B3
100	会場	かいじょう	assembly hall, meeting place, venue, grounds			http://jisho.org/word/%E4%BC%9A%E5%A0%B4
100	帰り	かえり	return, coming back			http://jisho.org/word/%E5%B8%B0%E3%82%8A
100	瓦斯	ガス	gas (state of matter, e.g. poison gas, natural gas)	gasoline, gas, petrol	dense fog, thick fog	http://jisho.org/word/%E7%93%A6%E6%96%AF
100	ガソリン	ガソリン	gasoline, petrol	Gasoline		http://jisho.org/word/%E3%82%AC%E3%82%BD%E3%83%AA%E3%83%B3
100	ガソリンスタンド	ガソリンスタンド	gas station, petrol station	Filling station		http://jisho.org/word/%E3%82%AC%E3%82%BD%E3%83%AA%E3%83%B3%E3%82%B9%E3%82%BF%E3%83%B3%E3%83%89
100	片付ける	かたづける	to tidy up, to put in order, to straighten up, to put away	to settle (problem), to clear (dispute)	to finish, to bring something to an end	http://jisho.org/word/%E7%89%87%E4%BB%98%E3%81%91%E3%82%8B
100	家内	かない	(my) wife	inside the home, one's family		http://jisho.org/word/%E5%AE%B6%E5%86%85
100	噛む	かむ	to bite, to chew, to gnaw	to crash against (e.g. of waves), to break onto (shore)	to engage (of cogs, zippers, etc.), to mesh, to fit together	http://jisho.org/word/%E5%99%9B%E3%82%80
100	硝子	ガラス	glass, pane	vitreous		http://jisho.org/word/%E7%A1%9D%E5%AD%90
100	屹度	きっと	surely, undoubtedly, almost certainly, most likely (e.g. 90 percent)	sternly, severely	having no slack, rigid, stiff, tight	http://jisho.org/word/%E5%B1%B9%E5%BA%A6
100	客	きゃく	guest, visitor	customer, client, shopper, spectator, audience, tourist, sightseer, passenger	Kyaku	http://jisho.org/word/%E5%AE%A2
100	教会	きょうかい	church	Christian Church		http://jisho.org/word/%E6%95%99%E4%BC%9A
100	近所	きんじょ	neighbourhood, neighborhood	Kinjo		http://jisho.org/word/%E8%BF%91%E6%89%80
100	呉れる	くれる	to give, to let one have, to do for one, to be given			http://jisho.org/word/%E5%91%89%E3%82%8C%E3%82%8B
100	ケーキ	ケーキ	cake	Cake		http://jisho.org/word/%E3%82%B1%E3%83%BC%E3%82%AD
100	下宿	げしゅく	boarding, lodging, boarding house			http://jisho.org/word/%E4%B8%8B%E5%AE%BF
100	決して	けっして	never, by no means, not in the least, in no way			http://jisho.org/word/%E6%B1%BA%E3%81%97%E3%81%A6
100	けど	けど	but, however, although			http://jisho.org/word/%E3%81%91%E3%81%A9
100	喧嘩	けんか	quarrel, brawl, fight, squabble, scuffle, argument	Brawling (legal definition)		http://jisho.org/word/%E5%96%A7%E5%98%A9
100	斯う	こう	in this way (used for something or someone close to the speaker, including the speaker himself, or for the opinions of the speaker), thus, such	uh... (interjection used as a verbal pause)		http://jisho.org/word/%E6%96%AF%E3%81%86
100	校長	こうちょう	principal, headmaster	Head teacher		http://jisho.org/word/%E6%A0%A1%E9%95%B7
100	講堂	こうどう	auditorium, lecture hall			http://jisho.org/word/%E8%AC%9B%E5%A0%82
100	公務員	こうむいん	government worker, public servant, civil servant	Civil service		http://jisho.org/word/%E5%85%AC%E5%8B%99%E5%93%A1
100	ご主人	ごしゅじん	your husband, her husband			http://jisho.org/word/%E3%81%94%E4%B8%BB%E4%BA%BA
100	ご存じ	ごぞんじ	knowing	(an) acquaintance		http://jisho.org/word/%E3%81%94%E5%AD%98%E3%81%98
100	ご馳走	ごちそう	feast, treating (someone)	to treat (someone, e.g. to a meal)		http://jisho.org/word/%E3%81%94%E9%A6%B3%E8%B5%B0
100	小鳥	ことり	small bird, songbird	birdie, dickeybird, dickybird		http://jisho.org/word/%E5%B0%8F%E9%B3%A5
100	この間	このあいだ	the other day, lately, recently, during this period	meanwhile, in the meantime		http://jisho.org/word/%E3%81%93%E3%81%AE%E9%96%93
100	此れから	これから	after this			http://jisho.org/word/%E6%AD%A4%E3%82%8C%E3%81%8B%E3%82%89
100	コンサート	コンサート	concert			http://jisho.org/word/%E3%82%B3%E3%83%B3%E3%82%B5%E3%83%BC%E3%83%88
100	コンピュータ	コンピュータ	computer	Computer		http://jisho.org/word/%E3%82%B3%E3%83%B3%E3%83%94%E3%83%A5%E3%83%BC%E3%82%BF
100	盛ん	さかん	popular	prosperous	enthusiastic	http://jisho.org/word/%E7%9B%9B%E3%82%93
100	さっき	さっき	some time ago, just now			http://jisho.org/word/%E3%81%95%E3%81%A3%E3%81%8D
100	サラダ	サラダ	salad	Salad		http://jisho.org/word/%E3%82%B5%E3%83%A9%E3%83%80
100	サンダル	サンダル	sandal	Sandal		http://jisho.org/word/%E3%82%B5%E3%83%B3%E3%83%80%E3%83%AB
100	サンドイッチ	サンドイッチ	sandwich	Sandwich		http://jisho.org/word/%E3%82%B5%E3%83%B3%E3%83%89%E3%82%A4%E3%83%83%E3%83%81
100	確り	しっかり	tightly (holding on), firmly, securely	strongly (built), solidly, sturdily, steadily	properly, well, sufficiently, hard (working, etc.), fully, completely	http://jisho.org/word/%E7%A2%BA%E3%82%8A
100	品物	しなもの	goods, article, thing			http://jisho.org/word/%E5%93%81%E7%89%A9
100	市民	しみん	citizen, citizenry, public	city inhabitant, townspeople	bourgeoisie, middle class	http://jisho.org/word/%E5%B8%82%E6%B0%91
100	ジャム	ジャム	jam	Fruit preserves		http://jisho.org/word/%E3%82%B8%E3%83%A3%E3%83%A0
100	十分	じゅうぶん	plenty, enough, sufficient, satisfactory, adequate	division into ten	perfectly, thoroughly, fully, in full	http://jisho.org/word/%E5%8D%81%E5%88%86
100	知らせる	しらせる	to notify, to advise, to inform			http://jisho.org/word/%E7%9F%A5%E3%82%89%E3%81%9B%E3%82%8B
100	新聞社	しんぶんしゃ	newspaper company			http://jisho.org/word/%E6%96%B0%E8%81%9E%E7%A4%BE
100	スーツ	スーツ	suit			http://jisho.org/word/%E3%82%B9%E3%83%BC%E3%83%84
100	スーツケース	スーツケース	suitcase	Suitcase		http://jisho.org/word/%E3%82%B9%E3%83%BC%E3%83%84%E3%82%B1%E3%83%BC%E3%82%B9
100	水泳	すいえい	swimming	Human swimming		http://jisho.org/word/%E6%B0%B4%E6%B3%B3
100	スクリーン	スクリーン	screen	Projection screen		http://jisho.org/word/%E3%82%B9%E3%82%AF%E3%83%AA%E3%83%BC%E3%83%B3
100	凄い	すごい	terrible, dreadful	amazing (e.g. of strength), great (e.g. of skills), wonderful, terrific	to a great extent, vast (in numbers)	http://jisho.org/word/%E5%87%84%E3%81%84
100	すっかり	すっかり	all, completely, thoroughly			http://jisho.org/word/%E3%81%99%E3%81%A3%E3%81%8B%E3%82%8A
100	すっと	すっと	straight, quickly, directly, all of a sudden	quietly, gently, softly	to feel refreshed, to feel satisfied	http://jisho.org/word/%E3%81%99%E3%81%A3%E3%81%A8
100	ステーキ	ステーキ	steak	Steak		http://jisho.org/word/%E3%82%B9%E3%83%86%E3%83%BC%E3%82%AD
100	ステレオ	ステレオ	stereo	Stereophonic sound		http://jisho.org/word/%E3%82%B9%E3%83%86%E3%83%AC%E3%82%AA
100	掏摸	すり	pickpocket			http://jisho.org/word/%E6%8E%8F%E6%91%B8
100	すると	すると	thereupon, hereupon			http://jisho.org/word/%E3%81%99%E3%82%8B%E3%81%A8
100	生産	せいさん	production, manufacture	Outline of industrial organization		http://jisho.org/word/%E7%94%9F%E7%94%A3
100	そう	そう	so, really, seeming	appearing that, seeming that, looking like, having the appearance of		http://jisho.org/word/%E3%81%9D%E3%81%86
100	ソフト	ソフト	soft	software	soft hat, felt hat	http://jisho.org/word/%E3%82%BD%E3%83%95%E3%83%88
100	其れで	それで	and, thereupon, because of that			http://jisho.org/word/%E5%85%B6%E3%82%8C%E3%81%A7
100	其れに	それに	besides, in addition, also, moreover			http://jisho.org/word/%E5%85%B6%E3%82%8C%E3%81%AB
100	それ程	それほど	to that degree, to that extent, that much			http://jisho.org/word/%E3%81%9D%E3%82%8C%E7%A8%8B
100	そろそろ	そろそろ	slowly, quietly, steadily, gradually, gingerly	soon, momentarily, before long, any time now		http://jisho.org/word/%E3%81%9D%E3%82%8D%E3%81%9D%E3%82%8D
100	そんな	そんな	such (about the actions of the listener, or about ideas expressed or understood by the listener), like that, that sort of			http://jisho.org/word/%E3%81%9D%E3%82%93%E3%81%AA
100	そんなに	そんなに	so much, so, like that			http://jisho.org/word/%E3%81%9D%E3%82%93%E3%81%AA%E3%81%AB
100	タイプ	タイプ	type, kind, sort, style	typewriter, typing		http://jisho.org/word/%E3%82%BF%E3%82%A4%E3%83%97
100	大分	だいぶ	considerably, greatly, a lot	Daibu	Oita	http://jisho.org/word/%E5%A4%A7%E5%88%86
100	だから	だから	so, therefore			http://jisho.org/word/%E3%81%A0%E3%81%8B%E3%82%89
100	確か	たしか	sure, certain, positive, definite	reliable, trustworthy, safe, sound, firm, accurate, correct, exact	If I'm not mistaken, If I remember correctly, If I remember rightly	http://jisho.org/word/%E7%A2%BA%E3%81%8B
100	為	ため	good, advantage, benefit, welfare	sake, purpose, objective, aim	consequence, result, effect	http://jisho.org/word/%E7%82%BA
100	チェック	チェック	check, plaid, checkered	checking, monitoring, looking over, scrutinizing, inspecting	check (banking), cheque, bill (restaurant)	http://jisho.org/word/%E3%83%81%E3%82%A7%E3%83%83%E3%82%AF
100	些とも	ちっとも	not at all (neg. verb)			http://jisho.org/word/%E4%BA%9B%E3%81%A8%E3%82%82
100	ちゃん	ちゃん	suffix for familiar person			http://jisho.org/word/%E3%81%A1%E3%82%83%E3%82%93
100	捕まえる	つかまえる	to catch, to arrest, to seize			http://jisho.org/word/%E6%8D%95%E3%81%BE%E3%81%88%E3%82%8B
100	端	つま	edge, tip, end	gable wall	gable	http://jisho.org/word/%E7%AB%AF
100	積もり	つもり	intention, plan	conviction, belief		http://jisho.org/word/%E7%A9%8D%E3%82%82%E3%82%8A
100	テキスト	テキスト	text	textbook	Text (literary theory)	http://jisho.org/word/%E3%83%86%E3%82%AD%E3%82%B9%E3%83%88
100	テニス	テニス	tennis	Tennis		http://jisho.org/word/%E3%83%86%E3%83%8B%E3%82%B9
100	電報	でんぽう	telegram	Telegraphy		http://jisho.org/word/%E9%9B%BB%E5%A0%B1
100	展覧会	てんらんかい	exhibition	Art exhibition		http://jisho.org/word/%E5%B1%95%E8%A6%A7%E4%BC%9A
100	都	と	metropolitan, municipal			http://jisho.org/word/%E9%83%BD
100	到頭	とうとう	finally, at last, ultimately, in the end			http://jisho.org/word/%E5%88%B0%E9%A0%AD
100	床屋	とこや	barbershop, barber			http://jisho.org/word/%E5%BA%8A%E5%B1%8B
100	どんどん	どんどん	drumming (noise)	rapidly, steadily		http://jisho.org/word/%E3%81%A9%E3%82%93%E3%81%A9%E3%82%93
100	無くなる	なくなる	to be lost (e.g. luggage), to be missing	to be used up, to be run out, to be exhausted, to be consumed, to be reduced to zero, to not occur any more	to disappear (e.g. pain), to be lost (e.g. a dream, confidence)	http://jisho.org/word/%E7%84%A1%E3%81%8F%E3%81%AA%E3%82%8B
100	為さる	なさる	to do			http://jisho.org/word/%E7%82%BA%E3%81%95%E3%82%8B
100	成るべく	なるべく	as much as possible, wherever practicable			http://jisho.org/word/%E6%88%90%E3%82%8B%E3%81%B9%E3%81%8F
100	二階建て	にかいだて	two-storied building			http://jisho.org/word/%E4%BA%8C%E9%9A%8E%E5%BB%BA%E3%81%A6
100	濡れる	ぬれる	to get wet			http://jisho.org/word/%E6%BF%A1%E3%82%8C%E3%82%8B
100	パート	パート	part	part-timer	part-time (work)	http://jisho.org/word/%E3%83%91%E3%83%BC%E3%83%88
100	筈	はず	expectation that something took place, will take place or was in some state, it should be so, bound to be, expected to be, must be	nock (of a bow)	nock (of an arrow)	http://jisho.org/word/%E7%AD%88
100	パソコン	パソコン	personal computer			http://jisho.org/word/%E3%83%91%E3%82%BD%E3%82%B3%E3%83%B3
100	はっきり	はっきり	clearly, plainly, distinctly	to be clear, to be definite, to be certain, to be exact, to become clear, to clear up		http://jisho.org/word/%E3%81%AF%E3%81%A3%E3%81%8D%E3%82%8A
100	ハンドバッグ	ハンドバッグ	handbag, purse			http://jisho.org/word/%E3%83%8F%E3%83%B3%E3%83%89%E3%83%90%E3%83%83%E3%82%B0
100	ピアノ	ピアノ	piano	Piano		http://jisho.org/word/%E3%83%94%E3%82%A2%E3%83%8E
100	光る	ひかる	to shine, to glitter, to be bright			http://jisho.org/word/%E5%85%89%E3%82%8B
100	引き出し	ひきだし	drawer	withdrawal, drawing out	variety of knowledge and experience useful for handling things impromptu	http://jisho.org/word/%E5%BC%95%E3%81%8D%E5%87%BA%E3%81%97
100	引き出す	ひきだす	to pull out, to take out, to draw out, to withdraw			http://jisho.org/word/%E5%BC%95%E3%81%8D%E5%87%BA%E3%81%99
100	髭	ひげ	moustache, beard, whiskers	extremely short pulse appearing on an electrical signal	Beard	http://jisho.org/word/%E9%AB%AD
100	飛行場	ひこうじょう	airfield, airport	Hikoujou	Aerodrome	http://jisho.org/word/%E9%A3%9B%E8%A1%8C%E5%A0%B4
100	ビル	ビル	multi-floor building, multi-storey building	bill	Bill	http://jisho.org/word/%E3%83%93%E3%83%AB
100	昼間	ひるま	daytime, during the day, time from sunrise until sunset, diurnal period			http://jisho.org/word/%E6%98%BC%E9%96%93
100	ファックス	ファックス	facsimile, FAX			http://jisho.org/word/%E3%83%95%E3%82%A1%E3%83%83%E3%82%AF%E3%82%B9
100	部長	ぶちょう	head (chief, director) of a section or department	head of a (school) club, head of a (school) team		http://jisho.org/word/%E9%83%A8%E9%95%B7
100	葡萄	ぶどう	grape, grapevine	Budou	Grape	http://jisho.org/word/%E8%91%A1%E8%90%84
100	降り出す	ふりだす	to begin to rain, to begin to snow			http://jisho.org/word/%E9%99%8D%E3%82%8A%E5%87%BA%E3%81%99
100	プレゼント	プレゼント	present, gift	to give a present or gift		http://jisho.org/word/%E3%83%97%E3%83%AC%E3%82%BC%E3%83%B3%E3%83%88
100	ベル	ベル	bell	bel, B		http://jisho.org/word/%E3%83%99%E3%83%AB
100	殆ど	ほとんど	mostly, nearly, practically, well-nigh, almost invariably, all but, just about, almost			http://jisho.org/word/%E6%AE%86%E3%81%A9
100	又は	または	or, otherwise			http://jisho.org/word/%E5%8F%88%E3%81%AF
100	間違える	まちがえる	to make a mistake (in), to commit an error (e.g. in calculation)	to confuse, to mistake something for something else		http://jisho.org/word/%E9%96%93%E9%81%95%E3%81%88%E3%82%8B
100	真ん中	まんなか	middle, centre, center, mid-way			http://jisho.org/word/%E7%9C%9F%E3%82%93%E4%B8%AD
100	見つかる	みつかる	to be found, to be discovered			http://jisho.org/word/%E8%A6%8B%E3%81%A4%E3%81%8B%E3%82%8B
100	向かう	むかう	to face	to go towards, to head towards		http://jisho.org/word/%E5%90%91%E3%81%8B%E3%81%86
100	申し上げる	もうしあげる	to say, to tell, to state, to express, to offer, to extend (greetings, congratulations, etc.)	to do		http://jisho.org/word/%E7%94%B3%E3%81%97%E4%B8%8A%E3%81%92%E3%82%8B
100	もう直ぐ	もうすぐ	very soon			http://jisho.org/word/%E3%82%82%E3%81%86%E7%9B%B4%E3%81%90
100	若し	もし	if, in case, supposing			http://jisho.org/word/%E8%8B%A5%E3%81%97
100	痩せる	やせる	to become thin, to lose weight, to reduce (one's) weight, to slim	to be barren, to be infertile, to be sterile		http://jisho.org/word/%E7%97%A9%E3%81%9B%E3%82%8B
100	やっと	やっと	at last, at length	barely, narrowly, just, by the skin of one's teeth		http://jisho.org/word/%E3%82%84%E3%81%A3%E3%81%A8
100	止む	やむ	to cease, to stop, to be over			http://jisho.org/word/%E6%AD%A2%E3%82%80
100	止める	やめる	to stop (an activity), to cease, to discontinue, to end, to quit	to cancel, to abandon, to give up, to abolish, to abstain, to refrain		http://jisho.org/word/%E6%AD%A2%E3%82%81%E3%82%8B
100	湯	ゆ	hot water	hot bath, hot spring	molten iron	http://jisho.org/word/%E6%B9%AF
100	予習	よしゅう	preparation for a lesson			http://jisho.org/word/%E4%BA%88%E7%BF%92
100	利用	りよう	use, utilization, utilisation, application			http://jisho.org/word/%E5%88%A9%E7%94%A8
100	レジ	レジ	(cash) register	cashier	Rezh (Russia), Reg	http://jisho.org/word/%E3%83%AC%E3%82%B8
100	レポート	レポート	report, paper			http://jisho.org/word/%E3%83%AC%E3%83%9D%E3%83%BC%E3%83%88
100	ワープロ	ワープロ	word processor			http://jisho.org/word/%E3%83%AF%E3%83%BC%E3%83%97%E3%83%AD